PassengerId,Survived,Pclass,Sex,Age,SibSp,Parch,Fare,Embarked_C,Embarked_Q,Embarked_S
1,0,3,0,22.0,1,0,7.25,0,0,1
2,1,1,1,38.0,1,0,71.2833,1,0,0
3,1,3,1,26.0,0,0,7.925,0,0,1
4,1,1,1,35.0,1,0,53.1,0,0,1
5,0,3,0,35.0,0,0,8.05,0,0,1
6,0,1,0,54.0,0,0,51.8625,0,0,1
7,0,3,0,2.0,3,1,21.075,0,0,1
8,1,3,1,27.0,0,2,11.1333,0,0,1
9,1,2,1,14.0,1,0,30.0708,1,0,0
10,1,3,1,4.0,1,1,16.7,0,0,1
11,1,1,1,58.0,0,0,26.55,0,0,1
12,0,3,0,20.0,0,0,8.05,0,0,1
13,0,3,0,39.0,1,5,31.275,0,0,1
14,0,3,1,14.0,0,0,7.8542,0,0,1
15,1,2,1,55.0,0,0,16.0,0,0,1
16,0,3,0,2.0,4,1,29.125,0,1,0
17,0,3,1,31.0,1,0,18.0,0,0,1
18,0,2,0,35.0,0,0,26.0,0,0,1
19,1,2,0,34.0,0,0,13.0,0,0,1
20,1,3,1,15.0,0,0,8.0292,0,1,0
21,1,1,0,28.0,0,0,35.5,0,0,1
22,0,3,1,8.0,3,1,21.075,0,0,1
23,1,3,1,38.0,1,5,31.3875,0,0,1
24,0,1,0,19.0,3,2,263.0,0,0,1
25,0,1,0,40.0,0,0,27.7208,1,0,0
26,0,2,0,66.0,0,0,10.5,0,0,1
27,0,1,0,28.0,1,0,82.1708,1,0,0
28,0,1,0,42.0,1,0,52.0,0,0,1
29,0,3,0,21.0,0,0,8.05,0,0,1
30,0,3,1,18.0,2,0,18.0,0,0,1
31,1,3,1,14.0,1,0,11.2417,1,0,0
32,0,3,1,40.0,1,0,9.475,0,0,1
33,0,2,1,27.0,1,0,21.0,0,0,1
34,1,2,1,3.0,1,2,41.5792,1,0,0
35,1,3,1,19.0,0,0,7.8792,0,1,0
36,0,3,1,18.0,1,0,17.8,0,0,1
37,0,3,0,7.0,4,1,39.6875,0,0,1
38,0,3,0,21.0,0,0,7.8,0,0,1
39,1,1,1,49.0,1,0,76.7292,1,0,0
40,1,2,1,29.0,1,0,26.0,0,0,1
41,0,1,0,65.0,0,1,61.9792,1,0,0
42,1,2,1,21.0,0,0,10.5,0,0,1
43,0,3,0,28.5,0,0,7.2292,1,0,0
44,1,2,1,5.0,1,2,27.75,0,0,1
45,0,3,0,11.0,5,2,46.9,0,0,1
46,0,3,0,22.0,0,0,7.2292,1,0,0
47,0,1,0,45.0,1,0,83.475,0,0,1
48,0,3,0,4.0,3,2,27.9,0,0,1
49,1,2,1,29.0,0,0,10.5,0,0,1
50,0,3,0,19.0,0,0,8.1583,0,0,1
51,1,3,1,17.0,4,2,7.925,0,0,1
52,0,3,0,26.0,2,0,8.6625,0,0,1
53,0,2,0,32.0,0,0,10.5,0,0,1
54,0,3,1,16.0,5,2,46.9,0,0,1
55,0,2,0,21.0,0,0,73.5,0,0,1
56,0,3,0,26.0,1,0,14.4542,1,0,0
57,1,3,0,32.0,0,0,56.4958,0,0,1
58,0,3,0,25.0,0,0,7.65,0,0,1
59,1,2,0,0.83,0,2,29.0,0,0,1
60,1,3,1,30.0,0,0,12.475,0,0,1
61,0,3,0,22.0,0,0,9.0,0,0,1
62,1,3,0,29.0,0,0,9.5,0,0,1
63,0,1,0,28.0,0,0,47.1,0,0,1
64,1,2,1,17.0,0,0,10.5,0,0,1
65,1,3,1,33.0,3,0,15.85,0,0,1
66,0,3,0,16.0,1,3,34.375,0,0,1
67,1,1,1,23.0,3,2,263.0,0,0,1
68,0,3,0,24.0,0,0,8.05,0,0,1
69,0,3,0,29.0,0,0,8.05,0,0,1
70,0,3,0,20.0,0,0,7.8542,0,0,1
71,0,1,0,46.0,1,0,61.175,0,0,1
72,0,3,0,26.0,1,2,20.575,0,0,1
73,0,3,0,59.0,0,0,7.25,0,0,1
74,0,1,0,71.0,0,0,34.6542,1,0,0
75,1,1,0,23.0,0,1,63.3583,1,0,0
76,1,2,1,34.0,0,1,23.0,0,0,1
77,0,2,0,34.0,1,0,26.0,0,0,1
78,0,3,1,28.0,0,0,7.8958,0,0,1
79,0,1,0,21.0,0,1,77.2875,0,0,1
80,0,3,0,33.0,0,0,8.6542,0,0,1
81,0,3,0,37.0,2,0,7.925,0,0,1
82,0,3,0,28.0,0,0,7.8958,0,0,1
83,1,3,1,21.0,0,0,7.65,0,0,1
84,0,3,0,38.0,0,0,7.8958,0,0,1
85,0,1,0,47.0,0,0,52.0,0,0,1
86,0,3,1,14.5,1,0,14.4542,1,0,0
87,0,3,0,22.0,0,0,8.05,0,0,1
88,0,3,1,20.0,1,0,9.825,0,0,1
89,0,3,1,17.0,0,0,14.4583,1,0,0
90,0,3,0,21.0,0,0,7.925,0,0,1
91,0,3,0,70.5,0,0,7.75,0,1,0
92,0,2,0,29.0,1,0,21.0,0,0,1
93,0,1,0,24.0,0,1,247.5208,1,0,0
94,0,3,1,2.0,4,2,31.275,0,0,1
95,0,2,0,21.0,2,0,73.5,0,0,1
96,0,2,0,32.5,1,0,30.0708,1,0,0
97,1,2,1,32.5,0,0,13.0,0,0,1
98,0,1,0,54.0,0,1,77.2875,0,0,1
99,1,3,0,12.0,1,0,11.2417,1,0,0
100,1,3,0,24.0,0,0,7.1417,0,0,1
101,0,3,0,45.0,0,0,6.975,0,0,1
102,0,3,0,33.0,0,0,7.8958,1,0,0
103,0,3,0,20.0,0,0,7.05,0,0,1
104,0,3,1,47.0,1,0,14.5,0,0,1
105,1,2,1,29.0,1,0,26.0,0,0,1
106,0,2,0,25.0,0,0,13.0,0,0,1
107,0,2,0,23.0,0,0,15.0458,1,0,0
108,1,1,1,19.0,0,2,26.2833,0,0,1
109,0,1,0,37.0,1,0,53.1,0,0,1
110,0,3,0,16.0,0,0,9.2167,0,0,1
111,0,1,0,24.0,0,0,79.2,1,0,0
112,1,3,1,22.0,0,0,7.75,0,0,1
113,1,3,1,24.0,1,0,15.85,0,0,1
114,0,3,0,19.0,0,0,6.75,0,1,0
115,0,2,0,18.0,0,0,11.5,0,0,1
116,0,2,0,19.0,1,1,36.75,0,0,1
117,1,3,0,27.0,0,0,7.7958,0,0,1
118,0,3,1,9.0,2,2,34.375,0,0,1
119,0,2,0,36.5,0,2,26.0,0,0,1
120,0,2,0,42.0,0,0,13.0,0,0,1
121,0,2,0,51.0,0,0,12.525,0,0,1
122,1,1,1,22.0,1,0,66.6,0,0,1
123,0,3,0,55.5,0,0,8.05,0,0,1
124,0,3,0,40.5,0,2,14.5,0,0,1
125,0,1,0,51.0,0,1,61.3792,1,0,0
126,1,3,1,16.0,0,0,7.7333,0,1,0
127,0,3,0,30.0,0,0,8.05,0,0,1
128,0,3,0,44.0,0,1,16.1,0,0,1
129,1,2,1,40.0,0,0,15.75,0,0,1
130,0,3,0,26.0,0,0,7.775,0,0,1
131,0,3,0,17.0,0,0,8.6625,0,0,1
132,0,3,0,1.0,4,1,39.6875,0,0,1
133,1,3,0,9.0,0,2,20.525,0,0,1
134,0,3,1,45.0,1,4,27.9,0,0,1
135,0,3,0,28.0,0,0,56.4958,0,0,1
136,0,1,0,61.0,0,0,33.5,0,0,1
137,0,3,0,4.0,4,1,29.125,0,1,0
138,1,3,1,1.0,1,1,11.1333,0,0,1
139,0,3,0,21.0,0,0,7.925,0,0,1
140,0,1,0,56.0,0,0,30.6958,1,0,0
141,0,3,0,18.0,1,1,7.8542,0,0,1
142,0,1,1,50.0,0,0,28.7125,1,0,0
143,0,2,0,30.0,0,0,13.0,0,0,1
144,0,3,0,36.0,0,0,0.0,0,0,1
145,0,3,0,9.0,4,2,31.3875,0,0,1
146,1,2,0,1.0,2,1,39.0,0,0,1
147,1,3,1,4.0,0,2,22.025,0,0,1
148,1,1,0,45.0,0,0,26.55,0,0,1
149,0,3,0,40.0,1,1,15.5,0,1,0
150,0,3,0,36.0,0,0,7.8958,0,0,1
151,1,2,1,32.0,0,0,13.0,0,0,1
152,0,2,0,19.0,0,0,13.0,0,0,1
153,1,3,1,19.0,1,0,7.8542,0,0,1
154,1,2,0,3.0,1,1,26.0,0,0,1
155,1,1,1,44.0,0,0,27.7208,1,0,0
156,1,1,1,58.0,0,0,146.5208,1,0,0
157,0,3,0,42.0,0,1,8.4042,0,0,1
158,0,2,1,24.0,0,0,13.0,0,0,1
159,0,3,0,28.0,0,0,9.5,0,0,1
160,0,3,0,34.0,0,0,6.4958,0,0,1
161,0,3,0,45.5,0,0,7.225,1,0,0
162,1,3,0,18.0,0,0,8.05,0,0,1
163,0,3,1,2.0,0,1,10.4625,0,0,1
164,0,3,0,32.0,1,0,15.85,0,0,1
165,1,3,0,26.0,0,0,18.7875,1,0,0
166,1,3,1,16.0,0,0,7.75,0,1,0
167,1,1,0,40.0,0,0,31.0,1,0,0
168,0,3,0,24.0,0,0,7.05,0,0,1
169,1,2,1,35.0,0,0,21.0,0,0,1
170,0,3,0,22.0,0,0,7.25,0,0,1
171,0,2,0,30.0,0,0,13.0,0,0,1
172,1,1,1,31.0,1,0,113.275,1,0,0
173,1,3,1,27.0,0,0,7.925,0,0,1
174,0,2,0,42.0,1,0,27.0,0,0,1
175,1,1,1,32.0,0,0,76.2917,1,0,0
176,0,2,0,30.0,0,0,10.5,0,0,1
177,1,3,0,16.0,0,0,8.05,0,0,1
178,0,2,0,27.0,0,0,13.0,0,0,1
179,0,3,0,51.0,0,0,8.05,0,0,1
180,1,1,0,38.0,1,0,90.0,0,0,1
181,0,3,0,22.0,0,0,9.35,0,0,1
182,1,2,0,19.0,0,0,10.5,0,0,1
183,0,3,0,20.5,0,0,7.25,0,0,1
184,0,2,0,18.0,0,0,13.0,0,0,1
185,1,1,1,35.0,1,0,83.475,0,0,1
186,0,3,0,29.0,0,0,7.775,0,0,1
187,0,2,0,59.0,0,0,13.5,0,0,1
188,1,3,1,5.0,4,2,31.3875,0,0,1
189,0,2,0,24.0,0,0,10.5,0,0,1
190,0,2,0,44.0,1,0,26.0,0,0,1
191,1,2,1,8.0,0,2,26.25,0,0,1
192,0,2,0,19.0,0,0,10.5,0,0,1
193,0,2,0,33.0,0,0,12.275,0,0,1
194,0,2,0,29.0,0,0,10.5,0,0,1
195,0,3,0,22.0,0,0,7.125,0,0,1
196,0,3,0,30.0,0,0,7.225,1,0,0
197,0,1,0,44.0,2,0,90.0,0,1,0
198,0,3,1,25.0,0,0,7.775,0,0,1
199,1,2,1,24.0,0,2,14.5,0,0,1
200,1,1,0,37.0,1,1,52.5542,0,0,1
201,0,2,0,54.0,1,0,26.0,0,0,1
202,0,3,1,29.0,1,1,10.4625,0,0,1
203,0,1,0,62.0,0,0,26.55,0,0,1
204,0,3,0,30.0,1,0,16.1,0,0,1
205,0,3,1,41.0,0,2,20.2125,0,0,1
206,1,3,1,29.0,0,2,15.2458,1,0,0
207,1,1,1,30.0,0,0,86.5,0,0,1
208,1,1,1,35.0,0,0,512.3292,1,0,0
209,1,2,1,50.0,0,1,26.0,0,0,1
210,1,3,0,3.0,4,2,31.3875,0,0,1
211,0,1,0,52.0,1,1,79.65,0,0,1
212,0,1,0,40.0,0,0,0.0,0,0,1
213,0,2,0,36.0,0,0,10.5,0,0,1
214,0,3,0,16.0,4,1,39.6875,0,0,1
215,1,3,0,25.0,1,0,7.775,0,0,1
216,1,1,1,58.0,0,1,153.4625,0,0,1
217,1,1,1,35.0,0,0,135.6333,0,0,1
218,1,3,0,25.0,0,0,0.0,0,0,1
219,1,2,1,41.0,0,1,19.5,0,0,1
220,0,1,0,37.0,0,1,29.7,1,0,0
221,1,1,1,63.0,1,0,77.9583,0,0,1
222,0,3,1,45.0,0,0,7.75,0,0,1
223,0,3,0,7.0,4,1,29.125,0,1,0
224,1,3,1,35.0,1,1,20.25,0,0,1
225,0,3,0,65.0,0,0,7.75,0,1,0
226,0,3,0,28.0,0,0,7.8542,0,0,1
227,0,3,0,16.0,0,0,9.5,0,0,1
228,1,3,0,19.0,0,0,8.05,0,0,1
229,0,3,0,33.0,0,0,8.6625,1,0,0
230,1,3,0,30.0,0,0,9.5,0,0,1
231,0,3,0,22.0,0,0,7.8958,0,0,1
232,1,2,0,42.0,0,0,13.0,0,0,1
233,1,3,1,22.0,0,0,7.75,0,1,0
234,1,1,1,26.0,0,0,78.85,0,0,1
235,1,1,1,19.0,1,0,91.0792,1,0,0
236,0,2,0,36.0,0,0,12.875,1,0,0
237,0,3,1,24.0,0,0,8.85,0,0,1
238,0,3,0,24.0,0,0,7.8958,0,0,1
239,0,3,0,23.5,0,0,7.2292,1,0,0
240,0,1,1,2.0,1,2,151.55,0,0,1
241,1,1,1,50.0,0,1,247.5208,1,0,0
242,0,3,0,19.0,0,0,0.0,0,0,1
243,1,1,0,0.92,1,2,151.55,0,0,1
244,1,1,1,17.0,1,0,108.9,1,0,0
245,0,2,0,30.0,1,0,24.0,1,0,0
246,1,1,1,30.0,0,0,56.9292,1,0,0
247,1,1,1,24.0,0,0,83.1583,1,0,0
248,1,1,1,18.0,2,2,262.375,1,0,0
249,0,2,1,26.0,1,1,26.0,0,0,1
250,0,3,0,28.0,0,0,7.8958,0,0,1
251,0,2,0,43.0,1,1,26.25,0,0,1
252,1,3,1,26.0,0,0,7.8542,0,0,1
253,1,2,1,24.0,1,0,26.0,0,0,1
254,0,2,0,54.0,0,0,14.0,0,0,1
255,1,1,1,31.0,0,2,164.8667,0,0,1
256,1,1,1,40.0,1,1,134.5,1,0,0
257,0,3,0,22.0,0,0,7.25,0,0,1
258,0,3,0,27.0,0,0,7.8958,0,0,1
259,1,2,1,30.0,0,0,12.35,0,1,0
260,1,2,1,22.0,1,1,29.0,0,0,1
261,1,1,1,36.0,0,0,135.6333,1,0,0
262,0,3,0,61.0,0,0,6.2375,0,0,1
263,1,2,1,36.0,0,0,13.0,0,0,1
264,1,3,1,31.0,1,1,20.525,0,0,1
265,1,1,1,16.0,0,1,57.9792,1,0,0
266,0,1,0,45.5,0,0,28.5,0,0,1
267,0,1,0,38.0,0,1,153.4625,0,0,1
268,0,3,0,16.0,2,0,18.0,0,0,1
269,0,1,0,29.0,1,0,66.6,0,0,1
270,1,1,1,41.0,0,0,134.5,1,0,0
271,1,3,0,45.0,0,0,8.05,0,0,1
272,0,1,0,45.0,0,0,35.5,0,0,1
273,1,2,0,2.0,1,1,26.0,0,0,1
274,1,1,1,24.0,3,2,263.0,0,0,1
275,0,2,0,28.0,0,0,13.0,0,0,1
276,0,2,0,25.0,0,0,13.0,0,0,1
277,0,2,0,36.0,0,0,13.0,0,0,1
278,1,2,1,24.0,0,0,13.0,0,0,1
279,1,2,1,40.0,0,0,13.0,0,0,1
280,1,3,0,3.0,1,1,15.9,0,0,1
281,0,3,0,42.0,0,0,8.6625,0,0,1
282,0,3,0,23.0,0,0,9.225,0,0,1
283,0,3,0,15.0,1,1,7.2292,1,0,0
284,0,3,0,25.0,1,0,17.8,0,0,1
285,0,3,0,28.0,0,0,9.5,0,0,1
286,1,1,1,22.0,0,1,55.0,0,0,1
287,0,2,1,38.0,0,0,13.0,0,0,1
288,0,3,0,40.0,1,4,27.9,0,0,1
289,0,2,0,29.0,1,0,27.7208,1,0,0
290,0,3,1,45.0,0,1,14.4542,1,0,0
291,0,3,0,35.0,0,0,7.05,0,0,1
292,0,3,0,30.0,0,0,7.25,0,0,1
293,1,1,1,60.0,1,0,75.25,1,0,0
294,1,1,1,24.0,0,0,69.3,1,0,0
295,1,1,0,25.0,1,0,55.4417,1,0,0
296,0,3,0,18.0,1,0,6.4958,0,0,1
297,0,3,0,19.0,0,0,8.05,0,0,1
298,0,1,0,22.0,0,0,135.6333,1,0,0
299,0,3,1,3.0,3,1,21.075,0,0,1
300,1,3,1,22.0,0,0,7.25,0,0,1
301,0,1,0,27.0,0,2,211.5,1,0,0
302,0,3,0,20.0,0,0,4.0125,1,0,0
303,0,3,0,19.0,0,0,7.775,0,0,1
304,1,1,1,42.0,0,0,227.525,1,0,0
305,1,3,1,1.0,0,2,15.7417,1,0,0
306,0,3,0,32.0,0,0,7.925,0,0,1
307,1,1,1,35.0,1,0,52.0,0,0,1
308,0,2,0,18.0,0,0,73.5,0,0,1
309,0,3,0,1.0,5,2,46.9,0,0,1
310,1,2,1,36.0,0,0,13.0,0,0,1
311,1,2,1,17.0,0,0,12.0,1,0,0
312,1,1,0,36.0,1,2,120.0,0,0,1
313,1,3,0,21.0,0,0,7.7958,0,0,1
314,0,3,0,28.0,2,0,7.925,0,0,1
315,1,1,1,23.0,1,0,113.275,1,0,0
316,1,3,1,24.0,0,2,16.7,0,0,1
317,0,3,0,22.0,0,0,7.7958,0,0,1
318,0,3,1,31.0,0,0,7.8542,0,0,1
319,0,2,0,46.0,0,0,26.0,0,0,1
320,0,2,0,23.0,0,0,10.5,0,0,1
321,1,2,1,28.0,0,0,12.65,0,0,1
322,1,3,0,39.0,0,0,7.925,0,0,1
323,0,3,0,26.0,0,0,8.05,0,0,1
324,0,3,1,21.0,1,0,9.825,0,0,1
325,0,3,0,28.0,1,0,15.85,0,0,1
326,0,3,1,20.0,0,0,8.6625,0,0,1
327,0,2,0,34.0,1,0,21.0,0,0,1
328,0,3,0,51.0,0,0,7.75,0,0,1
329,1,2,0,3.0,1,1,18.75,0,0,1
330,0,3,0,21.0,0,0,7.775,0,0,1
331,1,1,1,33.0,1,0,90.0,0,1,0
332,1,3,0,44.0,0,0,7.925,0,0,1
333,1,2,1,34.0,1,1,32.5,0,0,1
334,1,2,1,18.0,0,2,13.0,0,0,1
335,0,2,0,30.0,0,0,13.0,0,0,1
336,0,3,1,10.0,0,2,24.15,0,0,1
337,0,3,0,21.0,0,0,7.7333,0,1,0
338,0,3,0,29.0,0,0,7.875,0,0,1
339,0,3,1,28.0,1,1,14.4,0,0,1
340,0,3,0,18.0,1,1,20.2125,0,0,1
341,1,2,1,28.0,1,0,26.0,0,0,1
342,1,2,1,19.0,0,0,26.0,0,0,1
343,1,3,0,32.0,0,0,8.05,0,0,1
344,1,1,0,28.0,0,0,26.55,0,0,1
345,1,2,1,42.0,1,0,26.0,0,0,1
346,0,3,0,17.0,0,0,7.125,0,0,1
347,0,1,0,50.0,1,0,55.9,0,0,1
348,1,1,1,14.0,1,2,120.0,0,0,1
349,0,3,1,21.0,2,2,34.375,0,0,1
350,1,2,1,24.0,2,3,18.75,0,0,1
351,0,1,0,64.0,1,4,263.0,0,0,1
352,0,2,0,31.0,0,0,10.5,0,0,1
353,1,2,1,45.0,1,1,26.25,0,0,1
354,0,3,0,20.0,0,0,9.5,0,0,1
355,0,3,0,25.0,1,0,7.775,0,0,1
356,1,2,1,28.0,0,0,13.0,0,0,1
357,1,1,0,4.0,0,2,81.8583,0,0,1
358,1,2,1,13.0,0,1,19.5,0,0,1
359,1,1,0,34.0,0,0,26.55,0,0,1
360,1,3,1,5.0,2,1,19.2583,1,0,0
361,1,1,0,52.0,0,0,30.5,0,0,1
362,0,2,0,36.0,1,2,27.75,0,0,1
363,0,1,0,30.0,0,0,27.75,1,0,0
364,1,1,0,49.0,1,0,89.1042,1,0,0
365,1,3,0,29.0,0,0,7.8958,1,0,0
366,0,1,0,65.0,0,0,26.55,0,0,1
367,1,2,1,50.0,0,0,10.5,0,0,1
368,1,1,0,48.0,0,0,26.55,0,0,1
369,0,3,0,34.0,0,0,8.05,0,0,1
370,0,1,0,47.0,0,0,38.5,0,0,1
371,0,2,0,48.0,0,0,13.0,0,0,1
372,0,3,0,38.0,0,0,7.05,0,0,1
373,0,1,0,56.0,0,0,26.55,0,0,1
374,1,3,1,0.75,2,1,19.2583,1,0,0
375,0,3,0,38.0,0,0,8.6625,0,0,1
376,1,2,1,33.0,1,2,27.75,0,0,1
377,1,2,1,23.0,0,0,13.7917,1,0,0
378,0,3,1,22.0,0,0,9.8375,0,0,1
379,0,2,0,34.0,1,0,21.0,0,0,1
380,0,3,0,29.0,1,0,7.0458,0,0,1
381,0,3,0,22.0,0,0,7.5208,0,0,1
382,1,3,1,2.0,0,1,12.2875,0,0,1
383,0,3,0,9.0,5,2,46.9,0,0,1
384,0,3,0,50.0,0,0,8.05,0,0,1
385,1,3,1,63.0,0,0,9.5875,0,0,1
386,1,1,0,25.0,1,0,91.0792,1,0,0
387,1,1,1,35.0,1,0,90.0,0,0,1
388,0,1,0,58.0,0,0,29.7,1,0,0
389,0,3,0,30.0,0,0,8.05,0,0,1
390,1,3,0,9.0,1,1,15.9,0,0,1
391,0,3,0,21.0,0,0,7.25,0,0,1
392,0,1,0,55.0,0,0,30.5,0,0,1
393,0,1,0,71.0,0,0,49.5042,1,0,0
394,0,3,0,21.0,0,0,8.05,0,0,1
395,1,1,1,54.0,1,0,78.2667,1,0,0
396,0,1,1,25.0,1,2,151.55,0,0,1
397,0,3,0,24.0,0,0,7.7958,0,0,1
398,0,3,0,17.0,0,0,8.6625,0,0,1
399,0,3,1,21.0,0,0,7.75,0,1,0
400,0,3,1,37.0,0,0,9.5875,0,0,1
401,1,1,1,16.0,0,0,86.5,0,0,1
402,0,1,0,18.0,1,0,108.9,1,0,0
403,1,2,1,33.0,0,2,26.0,0,0,1
404,0,3,0,28.0,0,0,22.525,0,0,1
405,1,3,0,26.0,0,0,56.4958,0,0,1
406,1,3,0,29.0,0,0,7.75,0,1,0
407,1,1,0,36.0,0,0,26.2875,0,0,1
408,1,1,1,54.0,1,0,59.4,1,0,0
409,0,3,0,24.0,0,0,7.4958,0,0,1
410,0,1,0,47.0,0,0,34.0208,0,0,1
411,1,2,1,34.0,0,0,10.5,0,0,1
412,1,2,1,36.0,1,0,26.0,0,0,1
413,0,3,0,32.0,0,0,7.8958,0,0,1
414,1,1,1,30.0,0,0,93.5,0,0,1
415,0,3,0,22.0,0,0,7.8958,0,0,1
416,1,1,1,44.0,0,1,57.9792,1,0,0
417,0,3,0,40.5,0,0,7.75,0,1,0
418,1,2,1,50.0,0,0,10.5,0,0,1
419,0,3,0,39.0,0,0,7.925,0,0,1
420,0,2,0,23.0,2,1,11.5,0,0,1
421,1,2,1,2.0,1,1,26.0,0,0,1
422,0,3,0,17.0,1,1,7.2292,1,0,0
423,0,3,1,30.0,0,0,8.6625,0,0,1
424,1,2,1,7.0,0,2,26.25,0,0,1
425,0,1,0,45.0,0,0,26.55,0,0,1
426,1,1,1,30.0,0,0,106.425,1,0,0
427,1,1,1,22.0,0,2,49.5,1,0,0
428,1,1,1,36.0,0,2,71.0,0,0,1
429,0,3,1,9.0,4,2,31.275,0,0,1
430,0,3,1,11.0,4,2,31.275,0,0,1
431,1,2,0,32.0,1,0,26.0,0,0,1
432,0,1,0,50.0,1,0,106.425,1,0,0
433,0,1,0,64.0,0,0,26.0,0,0,1
434,1,2,1,19.0,1,0,26.0,0,0,1
435,0,3,0,33.0,1,1,20.525,0,0,1
436,1,2,0,8.0,1,1,36.75,0,0,1
437,1,1,0,17.0,0,2,110.8833,1,0,0
438,0,2,0,27.0,0,0,26.0,0,0,1
439,1,3,0,22.0,0,0,7.225,1,0,0
440,1,3,1,22.0,0,0,7.775,0,0,1
441,0,1,0,62.0,0,0,26.55,0,0,1
442,1,1,1,48.0,1,0,39.6,1,0,0
443,1,1,1,39.0,1,1,79.65,0,0,1
444,1,3,1,36.0,1,0,17.4,0,0,1
445,0,3,0,40.0,0,0,7.8958,0,0,1
446,0,2,0,28.0,0,0,13.5,0,0,1
447,0,3,0,24.0,2,0,24.15,0,0,1
448,0,3,0,19.0,0,0,7.8958,0,0,1
449,0,3,1,29.0,0,4,21.075,0,0,1
450,1,3,0,32.0,0,0,7.8542,0,0,1
451,1,2,0,62.0,0,0,10.5,0,0,1
452,1,1,1,53.0,2,0,51.4792,0,0,1
453,1,1,0,36.0,0,0,26.3875,0,0,1
454,0,3,0,16.0,0,0,8.05,0,0,1
455,0,3,0,19.0,0,0,14.5,0,0,1
456,1,2,1,34.0,0,0,13.0,0,0,1
457,1,1,1,39.0,1,0,55.9,0,0,1
458,1,3,0,32.0,0,0,7.925,0,0,1
459,1,2,1,25.0,1,1,30.0,0,0,1
460,1,1,1,39.0,1,1,110.8833,1,0,0
461,0,2,0,54.0,0,0,26.0,0,0,1
462,0,1,0,36.0,0,0,40.125,1,0,0
463,1,1,1,18.0,0,2,79.65,0,0,1
464,0,2,0,47.0,0,0,15.0,0,0,1
465,1,1,0,60.0,1,1,79.2,1,0,0
466,0,3,0,22.0,0,0,8.05,0,0,1
467,0,3,0,35.0,0,0,7.125,0,0,1
468,1,1,1,52.0,1,0,78.2667,1,0,0
469,0,3,0,47.0,0,0,7.25,0,0,1
470,0,2,0,37.0,1,0,26.0,0,0,1
471,0,3,0,36.0,1,1,24.15,0,0,1
472,0,3,0,49.0,0,0,0.0,0,0,1
473,1,1,0,49.0,1,0,56.9292,1,0,0
474,1,2,1,24.0,2,1,27.0,0,0,1
475,0,3,0,44.0,0,0,8.05,0,0,1
476,1,1,0,35.0,0,0,26.55,1,0,0
477,0,3,0,36.0,1,0,15.55,0,0,1
478,0,3,0,30.0,0,0,7.8958,0,0,1
479,1,1,0,27.0,0,0,30.5,0,0,1
480,1,2,1,22.0,1,2,41.5792,1,0,0
481,1,1,1,40.0,0,0,153.4625,0,0,1
482,0,3,1,39.0,1,5,31.275,0,0,1
483,0,3,0,35.0,0,0,8.05,0,0,1
484,1,2,1,24.0,1,2,65.0,0,0,1
485,0,3,0,34.0,1,1,14.4,0,0,1
486,0,3,1,26.0,1,0,16.1,0,0,1
487,1,2,1,4.0,2,1,39.0,0,0,1
488,0,2,0,26.0,0,0,10.5,0,0,1
489,0,3,0,27.0,1,0,14.4542,1,0,0
490,1,1,0,42.0,1,0,52.5542,0,0,1
491,1,3,0,20.0,1,1,15.7417,1,0,0
492,0,3,0,21.0,0,0,7.8542,0,0,1
493,0,3,0,21.0,0,0,16.1,0,0,1
494,0,1,0,61.0,0,0,32.3208,0,0,1
495,0,2,0,57.0,0,0,12.35,0,1,0
496,1,1,1,21.0,0,0,77.9583,0,0,1
497,0,3,0,26.0,0,0,7.8958,0,0,1
498,1,1,0,80.0,0,0,30.0,0,0,1
499,0,3,0,51.0,0,0,7.0542,0,0,1
500,1,1,0,32.0,0,0,30.5,1,0,0
501,0,3,1,9.0,3,2,27.9,0,0,1
502,1,2,1,28.0,0,0,13.0,0,0,1
503,0,3,0,32.0,0,0,7.925,0,0,1
504,0,2,0,31.0,1,1,26.25,0,0,1
505,0,3,1,41.0,0,5,39.6875,0,0,1
506,0,3,0,20.0,0,0,7.8542,0,0,1
507,1,1,1,24.0,0,0,69.3,1,0,0
508,0,3,1,2.0,3,2,27.9,0,0,1
509,1,3,1,0.75,2,1,19.2583,1,0,0
510,1,1,0,48.0,1,0,76.7292,1,0,0
511,0,3,0,19.0,0,0,7.8958,0,0,1
512,1,1,0,56.0,0,0,35.5,1,0,0
513,1,3,1,23.0,0,0,7.55,0,0,1
514,1,2,1,18.0,0,1,23.0,0,0,1
515,0,3,0,21.0,0,0,8.4333,0,0,1
516,0,3,1,18.0,0,0,6.75,0,1,0
517,0,2,0,24.0,2,0,73.5,0,0,1
518,0,3,1,32.0,1,1,15.5,0,1,0
519,0,2,0,23.0,0,0,13.0,0,0,1
520,0,1,0,58.0,0,2,113.275,1,0,0
521,1,1,0,50.0,2,0,133.65,0,0,1
522,0,3,0,40.0,0,0,7.225,1,0,0
523,0,1,0,47.0,0,0,25.5875,0,0,1
524,0,3,0,36.0,0,0,7.4958,0,0,1
525,1,3,0,20.0,1,0,7.925,0,0,1
526,0,2,0,32.0,2,0,73.5,0,0,1
527,0,2,0,25.0,0,0,13.0,0,0,1
528,0,3,0,43.0,0,0,8.05,0,0,1
529,1,2,1,40.0,1,1,39.0,0,0,1
530,0,1,0,31.0,1,0,52.0,0,0,1
531,0,2,0,70.0,0,0,10.5,0,0,1
532,1,2,0,31.0,0,0,13.0,0,0,1
533,0,3,0,18.0,0,0,7.775,0,0,1
534,0,3,0,24.5,0,0,8.05,0,0,1
535,1,3,1,18.0,0,0,9.8417,0,0,1
536,0,3,1,43.0,1,6,46.9,0,0,1
537,1,1,0,36.0,0,1,512.3292,1,0,0
538,1,1,0,27.0,0,0,76.7292,1,0,0
539,0,3,0,20.0,0,0,9.225,0,0,1
540,0,3,0,14.0,5,2,46.9,0,0,1
541,0,2,0,60.0,1,1,39.0,0,0,1
542,0,2,0,25.0,1,2,41.5792,1,0,0
543,0,3,0,14.0,4,1,39.6875,0,0,1
544,0,3,0,19.0,0,0,10.1708,0,0,1
545,0,3,0,18.0,0,0,7.7958,0,0,1
546,1,1,1,15.0,0,1,211.3375,0,0,1
547,1,1,0,31.0,1,0,57.0,0,0,1
548,1,3,1,4.0,0,1,13.4167,1,0,0
549,0,3,0,25.0,0,0,7.225,1,0,0
550,0,1,0,60.0,0,0,26.55,0,0,1
551,0,2,0,52.0,0,0,13.5,0,0,1
552,0,3,0,44.0,0,0,8.05,0,0,1
553,0,1,0,49.0,1,1,110.8833,1,0,0
554,0,3,0,42.0,0,0,7.65,0,0,1
555,1,1,1,18.0,1,0,227.525,1,0,0
556,1,1,0,35.0,0,0,26.2875,0,0,1
557,0,3,1,18.0,0,1,14.4542,1,0,0
558,0,3,0,25.0,0,0,7.7417,0,1,0
559,0,3,0,26.0,1,0,7.8542,0,0,1
560,0,2,0,39.0,0,0,26.0,0,0,1
561,1,2,1,45.0,0,0,13.5,0,0,1
562,1,1,0,42.0,0,0,26.2875,0,0,1
563,1,1,1,22.0,0,0,151.55,0,0,1
564,1,1,1,24.0,0,0,49.5042,1,0,0
565,1,1,0,48.0,1,0,52.0,0,0,1
566,0,3,0,29.0,0,0,9.4833,0,0,1
567,0,2,0,52.0,0,0,13.0,0,0,1
568,0,3,0,19.0,0,0,7.65,0,0,1
569,1,1,1,38.0,0,0,227.525,1,0,0
570,1,2,1,27.0,0,0,10.5,0,0,1
571,0,3,0,33.0,0,0,7.775,0,0,1
572,1,2,1,6.0,0,1,33.0,0,0,1
573,0,3,0,17.0,1,0,7.0542,0,0,1
574,0,2,0,34.0,0,0,13.0,0,0,1
575,0,2,0,50.0,0,0,13.0,0,0,1
576,1,1,0,27.0,1,0,53.1,0,0,1
577,0,3,0,20.0,0,0,8.6625,0,0,1
578,1,2,1,30.0,3,0,21.0,0,0,1
579,0,2,0,25.0,1,0,26.0,0,0,1
580,0,3,1,25.0,1,0,7.925,0,0,1
581,1,1,1,29.0,0,0,211.3375,0,0,1
582,0,3,0,11.0,0,0,18.7875,1,0,0
583,0,2,0,23.0,0,0,13.0,0,0,1
584,0,2,0,23.0,0,0,13.0,0,0,1
585,0,3,0,28.5,0,0,16.1,0,0,1
586,0,3,1,48.0,1,3,34.375,0,0,1
587,1,1,0,35.0,0,0,512.3292,1,0,0
588,0,1,0,36.0,1,0,78.85,0,0,1
589,1,1,1,21.0,2,2,262.375,1,0,0
590,0,3,0,24.0,1,0,16.1,0,0,1
591,1,3,0,31.0,0,0,7.925,0,0,1
592,0,1,0,70.0,1,1,71.0,0,0,1
593,0,3,0,16.0,1,1,20.25,0,0,1
594,1,2,1,30.0,0,0,13.0,0,0,1
595,0,1,0,19.0,1,0,53.1,0,0,1
596,0,3,0,31.0,0,0,7.75,0,1,0
597,1,2,1,4.0,1,1,23.0,0,0,1
598,1,3,0,6.0,0,1,12.475,0,0,1
599,0,3,0,33.0,0,0,9.5,0,0,1
600,0,3,0,23.0,0,0,7.8958,0,0,1
601,1,2,1,48.0,1,2,65.0,0,0,1
602,1,2,0,0.67,1,1,14.5,0,0,1
603,0,3,0,28.0,0,0,7.7958,0,0,1
604,0,2,0,18.0,0,0,11.5,0,0,1
605,0,3,0,34.0,0,0,8.05,0,0,1
606,1,1,1,33.0,0,0,86.5,0,0,1
607,0,3,0,41.0,0,0,7.125,0,0,1
608,1,3,0,20.0,0,0,7.2292,1,0,0
609,1,1,1,36.0,1,2,120.0,0,0,1
610,0,3,0,16.0,0,0,7.775,0,0,1
611,1,1,1,51.0,1,0,77.9583,0,0,1
612,0,3,1,30.5,0,0,7.75,0,1,0
613,0,3,0,32.0,0,0,8.3625,0,0,1
614,0,3,0,24.0,0,0,9.5,0,0,1
615,0,3,0,48.0,0,0,7.8542,0,0,1
616,0,2,1,57.0,0,0,10.5,0,0,1
617,1,2,1,54.0,1,3,23.0,0,0,1
618,0,3,0,18.0,0,0,7.75,0,0,1
619,1,3,1,5.0,0,0,12.475,0,0,1
620,1,1,1,43.0,0,1,211.3375,0,0,1
621,1,3,1,13.0,0,0,7.2292,1,0,0
622,1,1,1,17.0,1,0,57.0,0,0,1
623,0,1,0,29.0,0,0,30.0,0,0,1
624,0,3,0,25.0,0,0,7.05,0,0,1
625,0,3,0,25.0,0,0,7.25,0,0,1
626,1,3,1,18.0,0,0,7.4958,0,0,1
627,0,3,0,8.0,4,1,29.125,0,1,0
628,1,3,0,1.0,1,2,20.575,0,0,1
629,0,1,0,46.0,0,0,79.2,1,0,0
630,0,2,0,16.0,0,0,26.0,0,0,1
631,0,3,0,25.0,0,0,7.8958,0,0,1
632,0,2,0,39.0,0,0,13.0,0,0,1
633,1,1,1,49.0,0,0,25.9292,0,0,1
634,1,3,1,31.0,0,0,8.6833,0,0,1
635,0,3,0,30.0,0,0,7.2292,1,0,0
636,0,3,1,30.0,1,1,24.15,0,0,1
637,0,2,0,34.0,0,0,13.0,0,0,1
638,1,2,1,31.0,1,1,26.25,0,0,1
639,1,1,0,11.0,1,2,120.0,0,0,1
640,1,3,0,0.42,0,1,8.5167,1,0,0
641,1,3,0,27.0,0,0,6.975,0,0,1
642,0,3,0,31.0,0,0,7.775,0,0,1
643,0,1,0,39.0,0,0,0.0,0,0,1
644,0,3,1,18.0,0,0,7.775,0,0,1
645,0,2,0,39.0,0,0,13.0,0,0,1
646,1,1,1,33.0,1,0,53.1,0,0,1
647,0,3,0,26.0,0,0,7.8875,0,0,1
648,0,3,0,39.0,0,0,24.15,0,0,1
649,0,2,0,35.0,0,0,10.5,0,0,1
650,0,3,1,6.0,4,2,31.275,0,0,1
651,0,3,0,30.5,0,0,8.05,0,0,1
652,0,3,1,23.0,0,0,7.925,0,0,1
653,0,2,0,31.0,1,1,37.0042,1,0,0
654,0,3,0,43.0,0,0,6.45,0,0,1
655,0,3,0,10.0,3,2,27.9,0,0,1
656,1,1,1,52.0,1,1,93.5,0,0,1
657,1,3,0,27.0,0,0,8.6625,0,0,1
658,0,1,0,38.0,0,0,0.0,0,0,1
659,1,3,1,27.0,0,1,12.475,0,0,1
660,0,3,0,2.0,4,1,39.6875,0,0,1
661,1,2,0,1.0,0,2,37.0042,1,0,0
662,1,3,1,15.0,1,0,14.4542,1,0,0
663,1,2,0,0.83,1,1,18.75,0,0,1
664,0,3,0,23.0,0,0,7.8542,0,0,1
665,0,3,0,18.0,0,0,8.3,0,0,1
666,1,1,1,39.0,1,1,83.1583,1,0,0
667,0,3,0,21.0,0,0,8.6625,0,0,1
668,1,3,0,32.0,0,0,56.4958,0,0,1
669,0,3,0,20.0,0,0,7.925,0,0,1
670,0,2,0,16.0,0,0,10.5,0,0,1
671,1,1,1,30.0,0,0,31.0,1,0,0
672,0,3,0,34.5,0,0,6.4375,1,0,0
673,0,3,0,17.0,0,0,8.6625,0,0,1
674,0,3,0,42.0,0,0,7.55,0,0,1
675,0,3,0,35.0,0,0,7.8958,1,0,0
676,0,2,0,28.0,0,1,33.0,0,0,1
677,0,3,0,4.0,4,2,31.275,0,0,1
678,0,3,0,74.0,0,0,7.775,0,0,1
679,0,3,1,9.0,1,1,15.2458,1,0,0
680,1,1,1,16.0,0,1,39.4,0,0,1
681,0,2,1,44.0,1,0,26.0,0,0,1
682,1,3,1,18.0,0,1,9.35,0,0,1
683,1,1,1,45.0,1,1,164.8667,0,0,1
684,1,1,0,51.0,0,0,26.55,0,0,1
685,1,3,1,24.0,0,3,19.2583,1,0,0
686,0,3,0,41.0,2,0,14.1083,0,0,1
687,0,2,0,21.0,1,0,11.5,0,0,1
688,1,1,1,48.0,0,0,25.9292,0,0,1
689,0,2,0,24.0,0,0,13.0,0,0,1
690,1,2,1,42.0,0,0,13.0,0,0,1
691,1,2,1,27.0,1,0,13.8583,1,0,0
692,0,1,0,31.0,0,0,50.4958,0,0,1
693,1,3,0,4.0,1,1,11.1333,0,0,1
694,0,3,0,26.0,0,0,7.8958,0,0,1
695,1,1,1,47.0,1,1,52.5542,0,0,1
696,0,1,0,33.0,0,0,5.0,0,0,1
697,0,3,0,47.0,0,0,9.0,0,0,1
698,1,2,1,28.0,1,0,24.0,1,0,0
699,1,3,1,15.0,0,0,7.225,1,0,0
700,0,3,0,20.0,0,0,9.8458,0,0,1
701,0,3,0,19.0,0,0,7.8958,0,0,1
702,1,1,1,56.0,0,1,83.1583,1,0,0
703,1,2,1,25.0,0,1,26.0,0,0,1
704,0,3,0,33.0,0,0,7.8958,0,0,1
705,0,3,1,22.0,0,0,10.5167,0,0,1
706,0,2,0,28.0,0,0,10.5,0,0,1
707,0,3,0,25.0,0,0,7.05,0,0,1
708,0,3,1,39.0,0,5,29.125,0,1,0
709,0,2,0,27.0,0,0,13.0,0,0,1
710,1,1,1,19.0,0,0,30.0,0,0,1
711,1,1,0,26.0,0,0,30.0,1,0,0
712,0,3,0,32.0,0,0,7.75,0,1,0
